JohnCena, wweromanreigns
JohnCena, AJStylesOrg
JohnCena, RandyOrton
JohnCena, FightOwensFight
JohnCena, HEELZiggler
JohnCena, FinnBalor
AJStylesOrg, JohnCena
AJStylesOrg, RandyOrton
AJStylesOrg, HEELZiggler
AJStylesOrg, FinnBalor
RandyOrton, JohnCena
RandyOrton, AJStylesOrg
RandyOrton, JEFFHARDYBRAND
RandyOrton, MATTHARDYBRAND
RandyOrton, FightOwensFight
RandyOrton, HEELZiggler
RandyOrton, BaronCorbinWWE
RandyOrton, FinnBalor
JEFFHARDYBRAND, MATTHARDYBRAND
MATTHARDYBRAND, wweromanreigns
MATTHARDYBRAND, AJStylesOrg
MATTHARDYBRAND, RandyOrton
MATTHARDYBRAND, JEFFHARDYBRAND
MATTHARDYBRAND, FightOwensFight
MATTHARDYBRAND, HEELZiggler
MATTHARDYBRAND, FinnBalor
FightOwensFight, JohnCena
FightOwensFight, RandyOrton
FightOwensFight, JEFFHARDYBRAND
FightOwensFight, MATTHARDYBRAND
FightOwensFight, HEELZiggler
FightOwensFight, BaronCorbinWWE
FightOwensFight, FinnBalor
HEELZiggler, JohnCena
HEELZiggler, AJStylesOrg
HEELZiggler, RandyOrton
HEELZiggler, MATTHARDYBRAND
HEELZiggler, FightOwensFight
HEELZiggler, FinnBalor
BaronCorbinWWE, JohnCena
BaronCorbinWWE, RandyOrton
BaronCorbinWWE, FightOwensFight
BaronCorbinWWE, FinnBalor
FinnBalor, JohnCena
FinnBalor, AJStylesOrg
FinnBalor, RandyOrton
FinnBalor, JEFFHARDYBRAND
FinnBalor, MATTHARDYBRAND
FinnBalor, FightOwensFight
FinnBalor, HEELZiggler
FinnBalor, BaronCorbinWWE